experiment_id,model,domain,metric,best_score,best_iteration,run_completed,symfluence_version,code_commit,collected_at
bow_exp1_streamflow_only@SUMMA,SUMMA,domain_Bow_at_Banff_multivar,KGE,0.8720207329,1937,2026-07-15T22:12:29Z,0.9.2,1cc4bf75b,2026-07-20T20:38:59Z
bow_exp2_tws_only@SUMMA,SUMMA,domain_Bow_at_Banff_multivar,CORRELATION,0.8778280924,844,2026-07-16T19:12:44Z,0.9.2,1cc4bf75b,2026-07-20T20:38:59Z
bow_exp3_joint@SUMMA,SUMMA,domain_Bow_at_Banff_multivar,KGE,0.7283726839,0,2026-07-16T19:48:58Z,0.9.2,1cc4bf75b,2026-07-20T20:38:59Z
bow_exp4_moead_joint@SUMMA,SUMMA,domain_Bow_at_Banff_multivar,KGE,0.8607714882,47,2026-07-15T11:19:30Z,0.9.2,1cc4bf75b,2026-07-20T20:38:59Z
cal_ensemble_fuse_abc@FUSE,FUSE,domain_Bow_at_Banff_lumped_calibration_ensemble,KGE,0.8705254793,3,2026-07-11T02:32:05Z,0.9.2,1cc4bf75b,2026-07-20T20:38:59Z
cal_ensemble_fuse_basin_hopping@FUSE,FUSE,domain_Bow_at_Banff_lumped_calibration_ensemble,KGE,0.8625203967,17,2026-07-11T02:56:09Z,0.9.2,1cc4bf75b,2026-07-20T20:38:59Z
cal_ensemble_fuse_bayesian_opt@FUSE,FUSE,domain_Bow_at_Banff_lumped_calibration_ensemble,KGE,0.8355669379,43,2026-07-11T03:16:25Z,0.9.2,1cc4bf75b,2026-07-20T20:38:59Z
cal_ensemble_fuse_cmaes@FUSE,FUSE,domain_Bow_at_Banff_lumped_calibration_ensemble,KGE,0.9090390801,41,2026-07-11T03:38:13Z,0.9.2,1cc4bf75b,2026-07-20T20:38:59Z
cal_ensemble_fuse_dds@FUSE,FUSE,domain_Bow_at_Banff_lumped_calibration_ensemble,KGE,0.9096380472,762,2026-07-20T03:16:33Z,0.9.2,1cc4bf75b,2026-07-20T20:38:59Z
cal_ensemble_fuse_de@FUSE,FUSE,domain_Bow_at_Banff_lumped_calibration_ensemble,KGE,0.9084877968,50,2026-07-11T04:22:24Z,0.9.2,1cc4bf75b,2026-07-20T20:38:59Z
cal_ensemble_fuse_dream@FUSE,FUSE,domain_Bow_at_Banff_lumped_calibration_ensemble,KGE,0.8727130294,2,2026-07-11T04:44:27Z,0.9.2,1cc4bf75b,2026-07-20T20:38:59Z
cal_ensemble_fuse_ga@FUSE,FUSE,domain_Bow_at_Banff_lumped_calibration_ensemble,KGE,0.8872084022,50,2026-07-11T05:06:36Z,0.9.2,1cc4bf75b,2026-07-20T20:38:59Z
cal_ensemble_fuse_glue@FUSE,FUSE,domain_Bow_at_Banff_lumped_calibration_ensemble,KGE,0.8514688015,7,2026-07-11T05:29:50Z,0.9.2,1cc4bf75b,2026-07-20T20:38:59Z
cal_ensemble_fuse_moead@FUSE,FUSE,domain_Bow_at_Banff_lumped_calibration_ensemble,KGE,0.9079605685,12,2026-07-20T19:38:27Z,0.9.2,1cc4bf75b,2026-07-20T20:38:59Z
cal_ensemble_fuse_nelder_mead@FUSE,FUSE,domain_Bow_at_Banff_lumped_calibration_ensemble,KGE,0.8949873447,998,2026-07-11T06:16:53Z,0.9.2,1cc4bf75b,2026-07-20T20:38:59Z
cal_ensemble_fuse_nsga2@FUSE,FUSE,domain_Bow_at_Banff_lumped_calibration_ensemble,KGE,0.8981915712,19,2026-07-11T06:40:19Z,0.9.2,1cc4bf75b,2026-07-20T20:38:59Z
cal_ensemble_fuse_pso@FUSE,FUSE,domain_Bow_at_Banff_lumped_calibration_ensemble,KGE,0.9103204608,49,2026-07-11T07:03:14Z,0.9.2,1cc4bf75b,2026-07-20T20:38:59Z
cal_ensemble_fuse_sa@FUSE,FUSE,domain_Bow_at_Banff_lumped_calibration_ensemble,KGE,0.8919300437,41,2026-07-11T07:25:17Z,0.9.2,1cc4bf75b,2026-07-20T20:38:59Z
cal_ensemble_fuse_sceua@FUSE,FUSE,domain_Bow_at_Banff_lumped_calibration_ensemble,KGE,0.8908180594,5,2026-07-11T07:46:40Z,0.9.2,1cc4bf75b,2026-07-20T20:38:59Z
cal_ensemble_hbv_abc@HBV,HBV,domain_Bow_at_Banff_lumped_calibration_ensemble,KGE,0.8881217035,10,2026-07-14T02:46:27Z,0.9.2,1cc4bf75b,2026-07-20T20:38:59Z
cal_ensemble_hbv_adam@HBV,HBV,domain_Bow_at_Banff_lumped_calibration_ensemble,KGE,0.9372688291,152,2026-07-20T19:38:41Z,0.9.2,1cc4bf75b,2026-07-20T20:38:59Z
cal_ensemble_hbv_basin_hopping@HBV,HBV,domain_Bow_at_Banff_lumped_calibration_ensemble,KGE,0.9004938319,3,2026-07-11T08:14:07Z,0.9.2,1cc4bf75b,2026-07-20T20:38:59Z
cal_ensemble_hbv_bayesian_opt@HBV,HBV,domain_Bow_at_Banff_lumped_calibration_ensemble,KGE,0.8918683071,30,2026-07-11T08:16:51Z,0.9.2,1cc4bf75b,2026-07-20T20:38:59Z
cal_ensemble_hbv_cmaes@HBV,HBV,domain_Bow_at_Banff_lumped_calibration_ensemble,KGE,0.9179882462,45,2026-07-11T08:19:58Z,0.9.2,1cc4bf75b,2026-07-20T20:38:59Z
cal_ensemble_hbv_dds@HBV,HBV,domain_Bow_at_Banff_lumped_calibration_ensemble,KGE,0.9383386175,871,2026-07-14T02:55:01Z,0.9.2,1cc4bf75b,2026-07-20T20:38:59Z
cal_ensemble_hbv_de@HBV,HBV,domain_Bow_at_Banff_lumped_calibration_ensemble,KGE,0.9090824481,30,2026-07-14T02:58:02Z,0.9.2,1cc4bf75b,2026-07-20T20:38:59Z
cal_ensemble_hbv_dream@HBV,HBV,domain_Bow_at_Banff_lumped_calibration_ensemble,KGE,0.9078622341,20,2026-07-11T08:29:27Z,0.9.2,1cc4bf75b,2026-07-20T20:38:59Z
cal_ensemble_hbv_ga@HBV,HBV,domain_Bow_at_Banff_lumped_calibration_ensemble,KGE,0.9179391085,50,2026-07-11T08:32:43Z,0.9.2,1cc4bf75b,2026-07-20T20:38:59Z
cal_ensemble_hbv_glue@HBV,HBV,domain_Bow_at_Banff_lumped_calibration_ensemble,KGE,0.9070656518,1,2026-07-14T03:01:13Z,0.9.2,1cc4bf75b,2026-07-20T20:38:59Z
cal_ensemble_hbv_lbfgs@HBV,HBV,domain_Bow_at_Banff_lumped_calibration_ensemble,KGE,0.9186856474,124,2026-07-20T20:36:45Z,0.9.2,1cc4bf75b,2026-07-20T20:38:59Z
cal_ensemble_hbv_moead@HBV,HBV,domain_Bow_at_Banff_lumped_calibration_ensemble,KGE,0.9387988024,19,2026-07-20T20:38:35Z,0.9.2,1cc4bf75b,2026-07-20T20:38:59Z
cal_ensemble_hbv_nelder_mead@HBV,HBV,domain_Bow_at_Banff_lumped_calibration_ensemble,KGE,0.9422489696,999,2026-07-11T09:58:36Z,0.9.2,1cc4bf75b,2026-07-20T20:38:59Z
cal_ensemble_hbv_nsga2@HBV,HBV,domain_Bow_at_Banff_lumped_calibration_ensemble,KGE,0.7261799528,0,2026-07-17T09:50:05Z,0.9.2,1cc4bf75b,2026-07-20T20:38:59Z
cal_ensemble_hbv_pso@HBV,HBV,domain_Bow_at_Banff_lumped_calibration_ensemble,KGE,0.9291632174,45,2026-07-11T10:04:18Z,0.9.2,1cc4bf75b,2026-07-20T20:38:59Z
cal_ensemble_hbv_sa@HBV,HBV,domain_Bow_at_Banff_lumped_calibration_ensemble,KGE,0.9157386848,96,2026-07-11T10:07:43Z,0.9.2,1cc4bf75b,2026-07-20T20:38:59Z
cal_ensemble_hbv_sceua@HBV,HBV,domain_Bow_at_Banff_lumped_calibration_ensemble,KGE,0.9161990579,7,2026-07-11T10:10:51Z,0.9.2,1cc4bf75b,2026-07-20T20:38:59Z
cal_ensemble_hechms_abc@HECHMS,HECHMS,domain_Bow_at_Banff_lumped_calibration_ensemble,KGE,0.8510982763,14,2026-07-11T10:14:26Z,0.9.2,1cc4bf75b,2026-07-20T20:38:59Z
cal_ensemble_hechms_adam@HECHMS,HECHMS,domain_Bow_at_Banff_lumped_calibration_ensemble,KGE,0.8941683873,319,2026-07-20T19:43:01Z,0.9.2,1cc4bf75b,2026-07-20T20:38:59Z
cal_ensemble_hechms_basin_hopping@HECHMS,HECHMS,domain_Bow_at_Banff_lumped_calibration_ensemble,KGE,0.8295194627,14,2026-07-11T10:40:49Z,0.9.2,1cc4bf75b,2026-07-20T20:38:59Z
cal_ensemble_hechms_bayesian_opt@HECHMS,HECHMS,domain_Bow_at_Banff_lumped_calibration_ensemble,KGE,0.6584035797,42,2026-07-11T10:44:12Z,0.9.2,1cc4bf75b,2026-07-20T20:38:59Z
cal_ensemble_hechms_cmaes@HECHMS,HECHMS,domain_Bow_at_Banff_lumped_calibration_ensemble,KGE,0.8787984915,50,2026-07-11T10:47:19Z,0.9.2,1cc4bf75b,2026-07-20T20:38:59Z
cal_ensemble_hechms_dds@HECHMS,HECHMS,domain_Bow_at_Banff_lumped_calibration_ensemble,KGE,0.9069368219,975,2026-07-11T10:50:27Z,0.9.2,1cc4bf75b,2026-07-20T20:38:59Z
cal_ensemble_hechms_de@HECHMS,HECHMS,domain_Bow_at_Banff_lumped_calibration_ensemble,KGE,0.9127301252,49,2026-07-11T10:53:35Z,0.9.2,1cc4bf75b,2026-07-20T20:38:59Z
cal_ensemble_hechms_dream@HECHMS,HECHMS,domain_Bow_at_Banff_lumped_calibration_ensemble,KGE,0.8330177411,7,2026-07-11T10:56:44Z,0.9.2,1cc4bf75b,2026-07-20T20:38:59Z
cal_ensemble_hechms_ga@HECHMS,HECHMS,domain_Bow_at_Banff_lumped_calibration_ensemble,KGE,0.8408988972,50,2026-07-11T10:59:49Z,0.9.2,1cc4bf75b,2026-07-20T20:38:59Z
cal_ensemble_hechms_glue@HECHMS,HECHMS,domain_Bow_at_Banff_lumped_calibration_ensemble,KGE,0.7419959709,4,2026-07-11T11:02:51Z,0.9.2,1cc4bf75b,2026-07-20T20:38:59Z
cal_ensemble_hechms_lbfgs@HECHMS,HECHMS,domain_Bow_at_Banff_lumped_calibration_ensemble,KGE,0.8591157899,124,2026-07-11T12:46:33Z,0.9.2,1cc4bf75b,2026-07-20T20:38:59Z
cal_ensemble_hechms_moead@HECHMS,HECHMS,domain_Bow_at_Banff_lumped_calibration_ensemble,KGE,0.8745284001,20,2026-07-20T19:40:14Z,0.9.2,1cc4bf75b,2026-07-20T20:38:59Z
cal_ensemble_hechms_nelder_mead@HECHMS,HECHMS,domain_Bow_at_Banff_lumped_calibration_ensemble,KGE,0.900696312,996,2026-07-11T12:55:59Z,0.9.2,1cc4bf75b,2026-07-20T20:38:59Z
cal_ensemble_hechms_nsga2@HECHMS,HECHMS,domain_Bow_at_Banff_lumped_calibration_ensemble,KGE,0.8762709471,20,2026-07-11T13:01:58Z,0.9.2,1cc4bf75b,2026-07-20T20:38:59Z
cal_ensemble_hechms_pso@HECHMS,HECHMS,domain_Bow_at_Banff_lumped_calibration_ensemble,KGE,0.8906192369,50,2026-07-11T13:05:01Z,0.9.2,1cc4bf75b,2026-07-20T20:38:59Z
cal_ensemble_hechms_sa@HECHMS,HECHMS,domain_Bow_at_Banff_lumped_calibration_ensemble,KGE,0.7716538119,95,2026-07-11T13:07:56Z,0.9.2,1cc4bf75b,2026-07-20T20:38:59Z
cal_ensemble_hechms_sceua@HECHMS,HECHMS,domain_Bow_at_Banff_lumped_calibration_ensemble,KGE,0.7602747698,0,2026-07-11T13:10:25Z,0.9.2,1cc4bf75b,2026-07-20T20:38:59Z
cal_ensemble_hype_abc@HYPE,HYPE,domain_Bow_at_Banff_lumped_calibration_ensemble,KGE,0.6860326615,10,2026-07-11T13:36:17Z,0.9.2,1cc4bf75b,2026-07-20T20:38:59Z
cal_ensemble_hype_basin_hopping@HYPE,HYPE,domain_Bow_at_Banff_lumped_calibration_ensemble,KGE,0.3557025719,13,2026-07-11T14:08:03Z,0.9.2,1cc4bf75b,2026-07-20T20:38:59Z
cal_ensemble_hype_bayesian_opt@HYPE,HYPE,domain_Bow_at_Banff_lumped_calibration_ensemble,KGE,0.4743792383,44,2026-07-11T14:23:29Z,0.9.2,1cc4bf75b,2026-07-20T20:38:59Z
cal_ensemble_hype_cmaes@HYPE,HYPE,domain_Bow_at_Banff_lumped_calibration_ensemble,KGE,0.8133238668,49,2026-07-11T14:48:59Z,0.9.2,1cc4bf75b,2026-07-20T20:38:59Z
cal_ensemble_hype_dds@HYPE,HYPE,domain_Bow_at_Banff_lumped_calibration_ensemble,KGE,0.8493889163,950,2026-07-11T15:13:34Z,0.9.2,1cc4bf75b,2026-07-20T20:38:59Z
cal_ensemble_hype_de@HYPE,HYPE,domain_Bow_at_Banff_lumped_calibration_ensemble,KGE,0.8066612466,45,2026-07-11T15:39:56Z,0.9.2,1cc4bf75b,2026-07-20T20:38:59Z
cal_ensemble_hype_dream@HYPE,HYPE,domain_Bow_at_Banff_lumped_calibration_ensemble,KGE,0.3717111523,5,2026-07-11T16:06:13Z,0.9.2,1cc4bf75b,2026-07-20T20:38:59Z
cal_ensemble_hype_ga@HYPE,HYPE,domain_Bow_at_Banff_lumped_calibration_ensemble,KGE,0.7414164482,49,2026-07-11T16:32:24Z,0.9.2,1cc4bf75b,2026-07-20T20:38:59Z
cal_ensemble_hype_glue@HYPE,HYPE,domain_Bow_at_Banff_lumped_calibration_ensemble,KGE,0.3168847296,1,2026-07-11T16:58:02Z,0.9.2,1cc4bf75b,2026-07-20T20:38:59Z
cal_ensemble_hype_moead@HYPE,HYPE,domain_Bow_at_Banff_lumped_calibration_ensemble,KGE,0.5926383055,20,2026-07-11T17:29:45Z,0.9.2,1cc4bf75b,2026-07-20T20:38:59Z
cal_ensemble_hype_nelder_mead@HYPE,HYPE,domain_Bow_at_Banff_lumped_calibration_ensemble,KGE,0.7071332355,997,2026-07-11T19:38:58Z,0.9.2,1cc4bf75b,2026-07-20T20:38:59Z
cal_ensemble_hype_nsga2@HYPE,HYPE,domain_Bow_at_Banff_lumped_calibration_ensemble,KGE,0.8437359817,19,2026-07-11T20:09:56Z,0.9.2,1cc4bf75b,2026-07-20T20:38:59Z
cal_ensemble_hype_pso@HYPE,HYPE,domain_Bow_at_Banff_lumped_calibration_ensemble,KGE,0.5919685495,49,2026-07-11T20:38:47Z,0.9.2,1cc4bf75b,2026-07-20T20:38:59Z
cal_ensemble_hype_sa@HYPE,HYPE,domain_Bow_at_Banff_lumped_calibration_ensemble,KGE,0.5760210129,92,2026-07-11T21:06:27Z,0.9.2,1cc4bf75b,2026-07-20T20:38:59Z
cal_ensemble_hype_sceua@HYPE,HYPE,domain_Bow_at_Banff_lumped_calibration_ensemble,KGE,0.8254454359,7,2026-07-11T21:28:47Z,0.9.2,1cc4bf75b,2026-07-20T20:38:59Z
cal_ensemble_sacsma_abc@SACSMA,SACSMA,domain_Bow_at_Banff_lumped_calibration_ensemble,KGE,0.4193479192,4,2026-07-12T13:51:47Z,0.9.2,1cc4bf75b,2026-07-20T20:38:59Z
cal_ensemble_sacsma_adam@SACSMA,SACSMA,domain_Bow_at_Banff_lumped_calibration_ensemble,KGE,0.8449063301,499,2026-07-12T14:00:20Z,0.9.2,1cc4bf75b,2026-07-20T20:38:59Z
cal_ensemble_sacsma_basin_hopping@SACSMA,SACSMA,domain_Bow_at_Banff_lumped_calibration_ensemble,KGE,-0.9174055622,11,2026-07-12T14:06:07Z,0.9.2,1cc4bf75b,2026-07-20T20:38:59Z
cal_ensemble_sacsma_bayesian_opt@SACSMA,SACSMA,domain_Bow_at_Banff_lumped_calibration_ensemble,KGE,-0.07377255737,50,2026-07-12T14:20:53Z,0.9.2,1cc4bf75b,2026-07-20T20:38:59Z
cal_ensemble_sacsma_cmaes@SACSMA,SACSMA,domain_Bow_at_Banff_lumped_calibration_ensemble,KGE,0.8120629844,49,2026-07-12T14:24:41Z,0.9.2,1cc4bf75b,2026-07-20T20:38:59Z
cal_ensemble_sacsma_dds@SACSMA,SACSMA,domain_Bow_at_Banff_lumped_calibration_ensemble,KGE,0.8479250141,1000,2026-07-12T14:28:33Z,0.9.2,1cc4bf75b,2026-07-20T20:38:59Z
cal_ensemble_sacsma_de@SACSMA,SACSMA,domain_Bow_at_Banff_lumped_calibration_ensemble,KGE,0.8384761415,42,2026-07-12T14:32:26Z,0.9.2,1cc4bf75b,2026-07-20T20:38:59Z
cal_ensemble_sacsma_dream@SACSMA,SACSMA,domain_Bow_at_Banff_lumped_calibration_ensemble,KGE,0.5971190494,7,2026-07-12T14:36:20Z,0.9.2,1cc4bf75b,2026-07-20T20:38:59Z
cal_ensemble_sacsma_ga@SACSMA,SACSMA,domain_Bow_at_Banff_lumped_calibration_ensemble,KGE,0.8019416982,50,2026-07-12T14:40:14Z,0.9.2,1cc4bf75b,2026-07-20T20:38:59Z
cal_ensemble_sacsma_glue@SACSMA,SACSMA,domain_Bow_at_Banff_lumped_calibration_ensemble,KGE,0.1825899444,6,2026-07-12T14:44:05Z,0.9.2,1cc4bf75b,2026-07-20T20:38:59Z
cal_ensemble_sacsma_lbfgs@SACSMA,SACSMA,domain_Bow_at_Banff_lumped_calibration_ensemble,KGE,0.8405623845,124,2026-07-12T18:33:00Z,0.9.2,1cc4bf75b,2026-07-20T20:38:59Z
cal_ensemble_sacsma_moead@SACSMA,SACSMA,domain_Bow_at_Banff_lumped_calibration_ensemble,KGE,0.2262956868,18,2026-07-12T18:40:44Z,0.9.2,1cc4bf75b,2026-07-20T20:38:59Z
cal_ensemble_sacsma_nelder_mead@SACSMA,SACSMA,domain_Bow_at_Banff_lumped_calibration_ensemble,KGE,0.1300620642,989,2026-07-12T18:45:50Z,0.9.2,1cc4bf75b,2026-07-20T20:38:59Z
cal_ensemble_sacsma_nsga2@SACSMA,SACSMA,domain_Bow_at_Banff_lumped_calibration_ensemble,KGE,0.7377741783,20,2026-07-12T18:53:27Z,0.9.2,1cc4bf75b,2026-07-20T20:38:59Z
cal_ensemble_sacsma_pso@SACSMA,SACSMA,domain_Bow_at_Banff_lumped_calibration_ensemble,KGE,0.31682838,50,2026-07-12T19:04:20Z,0.9.2,1cc4bf75b,2026-07-20T20:38:59Z
cal_ensemble_sacsma_sa@SACSMA,SACSMA,domain_Bow_at_Banff_lumped_calibration_ensemble,KGE,0.8116276314,74,2026-07-12T19:08:20Z,0.9.2,1cc4bf75b,2026-07-20T20:38:59Z
cal_ensemble_sacsma_sceua@SACSMA,SACSMA,domain_Bow_at_Banff_lumped_calibration_ensemble,KGE,0.4514088533,4,2026-07-12T19:22:50Z,0.9.2,1cc4bf75b,2026-07-20T20:38:59Z
cal_ensemble_summa_abc@SUMMA,SUMMA,domain_Bow_at_Banff_lumped_calibration_ensemble,KGE,0.8895268914,17,2026-07-14T09:45:42Z,0.9.2,1cc4bf75b,2026-07-20T20:38:59Z
cal_ensemble_summa_basin_hopping@SUMMA,SUMMA,domain_Bow_at_Banff_lumped_calibration_ensemble,KGE,0.8810427266,15,2026-07-14T22:19:55Z,0.9.2,1cc4bf75b,2026-07-20T20:38:59Z
cal_ensemble_summa_bayesian_opt@SUMMA,SUMMA,domain_Bow_at_Banff_lumped_calibration_ensemble,KGE,0.7009751449,42,2026-07-14T22:39:49Z,0.9.2,1cc4bf75b,2026-07-20T20:38:59Z
cal_ensemble_summa_cmaes@SUMMA,SUMMA,domain_Bow_at_Banff_lumped_calibration_ensemble,KGE,0.8688332345,49,2026-07-12T00:32:32Z,0.9.2,1cc4bf75b,2026-07-20T20:38:59Z
cal_ensemble_summa_dds@SUMMA,SUMMA,domain_Bow_at_Banff_lumped_calibration_ensemble,KGE,0.895249253,989,2026-07-12T05:16:13Z,0.9.2,1cc4bf75b,2026-07-20T20:38:59Z
cal_ensemble_summa_de@SUMMA,SUMMA,domain_Bow_at_Banff_lumped_calibration_ensemble,KGE,0.908227156,47,2026-07-12T09:30:57Z,0.9.2,1cc4bf75b,2026-07-20T20:38:59Z
cal_ensemble_summa_dream@SUMMA,SUMMA,domain_Bow_at_Banff_lumped_calibration_ensemble,KGE,0.8664779957,16,2026-07-14T14:40:01Z,0.9.2,1cc4bf75b,2026-07-20T20:38:59Z
cal_ensemble_summa_ga@SUMMA,SUMMA,domain_Bow_at_Banff_lumped_calibration_ensemble,KGE,0.9007789033,50,2026-07-12T14:04:21Z,0.9.2,1cc4bf75b,2026-07-20T20:38:59Z
cal_ensemble_summa_moead@SUMMA,SUMMA,domain_Bow_at_Banff_lumped_calibration_ensemble,KGE,0.8962845692,20,2026-07-12T23:36:35Z,0.9.2,1cc4bf75b,2026-07-20T20:38:59Z
cal_ensemble_summa_nelder_mead@SUMMA,SUMMA,domain_Bow_at_Banff_lumped_calibration_ensemble,KGE,0.9037192313,798,2026-07-13T11:29:41Z,0.9.2,1cc4bf75b,2026-07-20T20:38:59Z
cal_ensemble_summa_nsga2@SUMMA,SUMMA,domain_Bow_at_Banff_lumped_calibration_ensemble,KGE,0.8880162228,19,2026-07-13T15:54:21Z,0.9.2,1cc4bf75b,2026-07-20T20:38:59Z
cal_ensemble_summa_pso@SUMMA,SUMMA,domain_Bow_at_Banff_lumped_calibration_ensemble,KGE,0.8896603332,47,2026-07-13T19:52:15Z,0.9.2,1cc4bf75b,2026-07-20T20:38:59Z
cal_ensemble_summa_sa@SUMMA,SUMMA,domain_Bow_at_Banff_lumped_calibration_ensemble,KGE,0.8733856557,65,2026-07-14T01:42:16Z,0.9.2,1cc4bf75b,2026-07-20T20:38:59Z
cal_ensemble_summa_sceua@SUMMA,SUMMA,domain_Bow_at_Banff_lumped_calibration_ensemble,KGE,0.9026217034,7,2026-07-13T07:59:59Z,0.9.2,1cc4bf75b,2026-07-20T20:38:59Z
cal_ensemble_topmodel_abc@TOPMODEL,TOPMODEL,domain_Bow_at_Banff_lumped_calibration_ensemble,KGE,0.7589222018,3,2026-07-17T09:37:14Z,0.9.2,1cc4bf75b,2026-07-20T20:38:59Z
cal_ensemble_topmodel_adam@TOPMODEL,TOPMODEL,domain_Bow_at_Banff_lumped_calibration_ensemble,KGE,0.7206358314,58,2026-07-14T02:47:11Z,0.9.2,1cc4bf75b,2026-07-20T20:38:59Z
cal_ensemble_topmodel_basin_hopping@TOPMODEL,TOPMODEL,domain_Bow_at_Banff_lumped_calibration_ensemble,KGE,0.6970799174,15,2026-07-17T09:40:16Z,0.9.2,1cc4bf75b,2026-07-20T20:38:59Z
cal_ensemble_topmodel_bayesian_opt@TOPMODEL,TOPMODEL,domain_Bow_at_Banff_lumped_calibration_ensemble,KGE,0.5815626156,46,2026-07-14T02:49:52Z,0.9.2,1cc4bf75b,2026-07-20T20:38:59Z
cal_ensemble_topmodel_cmaes@TOPMODEL,TOPMODEL,domain_Bow_at_Banff_lumped_calibration_ensemble,KGE,0.8513011911,40,2026-07-17T07:53:03Z,0.9.2,1cc4bf75b,2026-07-20T20:38:59Z
cal_ensemble_topmodel_dds@TOPMODEL,TOPMODEL,domain_Bow_at_Banff_lumped_calibration_ensemble,KGE,0.8376600563,996,2026-07-14T02:52:57Z,0.9.2,1cc4bf75b,2026-07-20T20:38:59Z
cal_ensemble_topmodel_de@TOPMODEL,TOPMODEL,domain_Bow_at_Banff_lumped_calibration_ensemble,KGE,0.8506769748,49,2026-07-11T19:52:48Z,0.9.2,1cc4bf75b,2026-07-20T20:38:59Z
cal_ensemble_topmodel_dream@TOPMODEL,TOPMODEL,domain_Bow_at_Banff_lumped_calibration_ensemble,KGE,0.6935058049,2,2026-07-11T19:55:55Z,0.9.2,1cc4bf75b,2026-07-20T20:38:59Z
cal_ensemble_topmodel_ga@TOPMODEL,TOPMODEL,domain_Bow_at_Banff_lumped_calibration_ensemble,KGE,0.7930715333,50,2026-07-11T19:58:51Z,0.9.2,1cc4bf75b,2026-07-20T20:38:59Z
cal_ensemble_topmodel_glue@TOPMODEL,TOPMODEL,domain_Bow_at_Banff_lumped_calibration_ensemble,KGE,0.7193037271,6,2026-07-11T20:02:01Z,0.9.2,1cc4bf75b,2026-07-20T20:38:59Z
cal_ensemble_topmodel_lbfgs@TOPMODEL,TOPMODEL,domain_Bow_at_Banff_lumped_calibration_ensemble,KGE,0.6448667281,122,2026-07-11T20:48:53Z,0.9.2,1cc4bf75b,2026-07-20T20:38:59Z
cal_ensemble_topmodel_nelder_mead@TOPMODEL,TOPMODEL,domain_Bow_at_Banff_lumped_calibration_ensemble,KGE,0.6604555234,996,2026-07-11T21:00:51Z,0.9.2,1cc4bf75b,2026-07-20T20:38:59Z
cal_ensemble_topmodel_nsga2@TOPMODEL,TOPMODEL,domain_Bow_at_Banff_lumped_calibration_ensemble,KGE,0.6374693898,0,2026-07-17T10:01:07Z,0.9.2,1cc4bf75b,2026-07-20T20:38:59Z
cal_ensemble_topmodel_pso@TOPMODEL,TOPMODEL,domain_Bow_at_Banff_lumped_calibration_ensemble,KGE,0.8520026136,49,2026-07-11T21:06:28Z,0.9.2,1cc4bf75b,2026-07-20T20:38:59Z
cal_ensemble_topmodel_sa@TOPMODEL,TOPMODEL,domain_Bow_at_Banff_lumped_calibration_ensemble,KGE,0.8354072892,100,2026-07-11T21:21:34Z,0.9.2,1cc4bf75b,2026-07-20T20:38:59Z
cal_ensemble_topmodel_sceua@TOPMODEL,TOPMODEL,domain_Bow_at_Banff_lumped_calibration_ensemble,KGE,0.8168125613,7,2026-07-11T21:24:28Z,0.9.2,1cc4bf75b,2026-07-20T20:38:59Z
cal_ensemble_xinanjiang_abc@XINANJIANG,XINANJIANG,domain_Bow_at_Banff_lumped_calibration_ensemble,KGE,0.684231694,3,2026-07-14T02:47:30Z,0.9.2,1cc4bf75b,2026-07-20T20:38:59Z
cal_ensemble_xinanjiang_adam@XINANJIANG,XINANJIANG,domain_Bow_at_Banff_lumped_calibration_ensemble,KGE,0.8977389336,499,2026-07-14T02:55:52Z,0.9.2,1cc4bf75b,2026-07-20T20:38:59Z
cal_ensemble_xinanjiang_basin_hopping@XINANJIANG,XINANJIANG,domain_Bow_at_Banff_lumped_calibration_ensemble,KGE,0.4738114847,1,2026-07-14T03:02:02Z,0.9.2,1cc4bf75b,2026-07-20T20:38:59Z
cal_ensemble_xinanjiang_bayesian_opt@XINANJIANG,XINANJIANG,domain_Bow_at_Banff_lumped_calibration_ensemble,KGE,0.4655898361,24,2026-07-14T03:06:02Z,0.9.2,1cc4bf75b,2026-07-20T20:38:59Z
cal_ensemble_xinanjiang_cmaes@XINANJIANG,XINANJIANG,domain_Bow_at_Banff_lumped_calibration_ensemble,KGE,0.8318243606,42,2026-07-14T03:09:58Z,0.9.2,1cc4bf75b,2026-07-20T20:38:59Z
cal_ensemble_xinanjiang_dds@XINANJIANG,XINANJIANG,domain_Bow_at_Banff_lumped_calibration_ensemble,KGE,0.9051344925,986,2026-07-20T03:05:20Z,0.9.2,1cc4bf75b,2026-07-20T20:38:59Z
cal_ensemble_xinanjiang_de@XINANJIANG,XINANJIANG,domain_Bow_at_Banff_lumped_calibration_ensemble,KGE,0.8698353687,41,2026-07-14T03:16:37Z,0.9.2,1cc4bf75b,2026-07-20T20:38:59Z
cal_ensemble_xinanjiang_dream@XINANJIANG,XINANJIANG,domain_Bow_at_Banff_lumped_calibration_ensemble,KGE,0.6497357453,14,2026-07-11T19:54:36Z,0.9.2,1cc4bf75b,2026-07-20T20:38:59Z
cal_ensemble_xinanjiang_ga@XINANJIANG,XINANJIANG,domain_Bow_at_Banff_lumped_calibration_ensemble,KGE,0.8227399772,50,2026-07-14T03:20:38Z,0.9.2,1cc4bf75b,2026-07-20T20:38:59Z
cal_ensemble_xinanjiang_glue@XINANJIANG,XINANJIANG,domain_Bow_at_Banff_lumped_calibration_ensemble,KGE,0.5510758611,1,2026-07-11T20:01:11Z,0.9.2,1cc4bf75b,2026-07-20T20:38:59Z
cal_ensemble_xinanjiang_lbfgs@XINANJIANG,XINANJIANG,domain_Bow_at_Banff_lumped_calibration_ensemble,KGE,0.402252483,124,2026-07-12T00:13:11Z,0.9.2,1cc4bf75b,2026-07-20T20:38:59Z
cal_ensemble_xinanjiang_moead@XINANJIANG,XINANJIANG,domain_Bow_at_Banff_lumped_calibration_ensemble,KGE,0.891204242,20,2026-07-17T10:14:25Z,0.9.2,1cc4bf75b,2026-07-20T20:38:59Z
cal_ensemble_xinanjiang_nelder_mead@XINANJIANG,XINANJIANG,domain_Bow_at_Banff_lumped_calibration_ensemble,KGE,0.8834487574,1000,2026-07-12T00:25:30Z,0.9.2,1cc4bf75b,2026-07-20T20:38:59Z
cal_ensemble_xinanjiang_nsga2@XINANJIANG,XINANJIANG,domain_Bow_at_Banff_lumped_calibration_ensemble,KGE,0.2858726665,0,2026-07-17T09:56:23Z,0.9.2,1cc4bf75b,2026-07-20T20:38:59Z
cal_ensemble_xinanjiang_pso@XINANJIANG,XINANJIANG,domain_Bow_at_Banff_lumped_calibration_ensemble,KGE,0.8073613709,47,2026-07-12T00:32:05Z,0.9.2,1cc4bf75b,2026-07-20T20:38:59Z
cal_ensemble_xinanjiang_sa@XINANJIANG,XINANJIANG,domain_Bow_at_Banff_lumped_calibration_ensemble,KGE,0.8808591631,64,2026-07-14T03:24:36Z,0.9.2,1cc4bf75b,2026-07-20T20:38:59Z
cal_ensemble_xinanjiang_sceua@XINANJIANG,XINANJIANG,domain_Bow_at_Banff_lumped_calibration_ensemble,KGE,0.7832497908,4,2026-07-12T00:47:50Z,0.9.2,1cc4bf75b,2026-07-20T20:38:59Z
calib_summa_mpi_100evals_np10@SUMMA,SUMMA,domain_Bow_at_Banff_lumped_era5,KGE,0.8609176732,6,2026-07-12T21:58:46Z,0.9.2,1cc4bf75b,2026-07-20T20:38:59Z
calib_summa_mpi_100evals_np1@SUMMA,SUMMA,domain_Bow_at_Banff_lumped_era5,KGE,0.8611634154,77,2026-07-12T21:49:37Z,0.9.2,1cc4bf75b,2026-07-20T20:38:59Z
calib_summa_mpi_100evals_np2@SUMMA,SUMMA,domain_Bow_at_Banff_lumped_era5,KGE,0.8548004736,45,2026-07-12T22:24:35Z,0.9.2,1cc4bf75b,2026-07-20T20:38:59Z
calib_summa_mpi_100evals_np3@SUMMA,SUMMA,domain_Bow_at_Banff_lumped_era5,KGE,0.8529189725,26,2026-07-12T22:43:39Z,0.9.2,1cc4bf75b,2026-07-20T20:38:59Z
calib_summa_mpi_100evals_np4@SUMMA,SUMMA,domain_Bow_at_Banff_lumped_era5,KGE,0.8466859749,19,2026-07-12T22:57:57Z,0.9.2,1cc4bf75b,2026-07-20T20:38:59Z
calib_summa_mpi_100evals_np6@SUMMA,SUMMA,domain_Bow_at_Banff_lumped_era5,KGE,0.8414643213,16,2026-07-12T23:08:37Z,0.9.2,1cc4bf75b,2026-07-20T20:38:59Z
calib_summa_mpi_100evals_np8@SUMMA,SUMMA,domain_Bow_at_Banff_lumped_era5,KGE,0.843155612,11,2026-07-12T23:17:38Z,0.9.2,1cc4bf75b,2026-07-20T20:38:59Z
calib_summa_pp_100evals_np10@SUMMA,SUMMA,domain_Bow_at_Banff_lumped_era5,KGE,0.8609176732,6,2026-07-13T00:00:31Z,0.9.2,1cc4bf75b,2026-07-20T20:38:59Z
calib_summa_pp_100evals_np1@SUMMA,SUMMA,domain_Bow_at_Banff_lumped_era5,KGE,0.8611634154,77,2026-07-12T23:51:53Z,0.9.2,1cc4bf75b,2026-07-20T20:38:59Z
calib_summa_pp_100evals_np2@SUMMA,SUMMA,domain_Bow_at_Banff_lumped_era5,KGE,0.8548004736,45,2026-07-13T00:26:00Z,0.9.2,1cc4bf75b,2026-07-20T20:38:59Z
calib_summa_pp_100evals_np3@SUMMA,SUMMA,domain_Bow_at_Banff_lumped_era5,KGE,0.8529189725,26,2026-07-13T00:44:05Z,0.9.2,1cc4bf75b,2026-07-20T20:38:59Z
calib_summa_pp_100evals_np4@SUMMA,SUMMA,domain_Bow_at_Banff_lumped_era5,KGE,0.8466859749,19,2026-07-13T00:57:57Z,0.9.2,1cc4bf75b,2026-07-20T20:38:59Z
calib_summa_pp_100evals_np6@SUMMA,SUMMA,domain_Bow_at_Banff_lumped_era5,KGE,0.8414643213,16,2026-07-13T01:08:18Z,0.9.2,1cc4bf75b,2026-07-20T20:38:59Z
calib_summa_pp_100evals_np8@SUMMA,SUMMA,domain_Bow_at_Banff_lumped_era5,KGE,0.843155612,11,2026-07-13T01:17:13Z,0.9.2,1cc4bf75b,2026-07-20T20:38:59Z
dist_mesh@MESH,MESH,domain_Bow_at_Banff_semidistributed_era5,KGE,0.5316930415,242,2026-07-17T18:07:47Z,0.9.2,1cc4bf75b,2026-07-20T20:38:59Z
forcing_ensemble_aorc@SUMMA,SUMMA,domain_paradise_snotel_wa,RMSE,-386.5472628,949,2026-07-13T12:44:58Z,0.9.2,1cc4bf75b,2026-07-20T20:38:59Z
forcing_ensemble_conus404@SUMMA,SUMMA,domain_paradise_snotel_wa,RMSE,-305.3975082,291,2026-07-17T07:04:14Z,0.9.2,1cc4bf75b,2026-07-20T20:38:59Z
forcing_ensemble_era5@SUMMA,SUMMA,domain_paradise_snotel_wa,RMSE,-218.4191362,732,2026-07-17T07:04:14Z,0.9.2,1cc4bf75b,2026-07-20T20:38:59Z
forcing_ensemble_rdrs@SUMMA,SUMMA,domain_paradise_snotel_wa,RMSE,-202.8543538,965,2026-07-17T07:04:14Z,0.9.2,1cc4bf75b,2026-07-20T20:38:59Z
fuse_cold_verify@FUSE,FUSE,domain_Bow_at_Banff_lumped_era5,KGE,0.939322412,5956,2026-07-17T22:32:35Z,0.9.2,1cc4bf75b,2026-07-20T20:38:59Z
gr_cold_defaults2@GR,GR,domain_Bow_at_Banff_lumped_era5,KGE,0.9449042678,946,2026-07-17T23:34:36Z,0.9.2,1cc4bf75b,2026-07-20T20:38:59Z
gr_cold_defaults@GR,GR,domain_Bow_at_Banff_lumped_era5,KGE,0.9449042678,946,2026-07-17T23:12:32Z,0.9.2,1cc4bf75b,2026-07-20T20:38:59Z
gr_cold_seed1234@GR,GR,domain_Bow_at_Banff_lumped_era5,KGE,0.9450181155,960,2026-07-18T01:36:37Z,0.9.2,1cc4bf75b,2026-07-20T20:38:59Z
gr_cold_seed13@GR,GR,domain_Bow_at_Banff_lumped_era5,KGE,0.9387015346,998,2026-07-18T01:13:30Z,0.9.2,1cc4bf75b,2026-07-20T20:38:59Z
gr_cold_seed22@GR,GR,domain_Bow_at_Banff_lumped_era5,KGE,0.94630513,957,2026-07-17T23:47:16Z,0.9.2,1cc4bf75b,2026-07-20T20:38:59Z
gr_cold_seed314@GR,GR,domain_Bow_at_Banff_lumped_era5,KGE,0.9449281968,831,2026-07-18T13:09:02Z,0.9.2,1cc4bf75b,2026-07-20T20:38:59Z
gr_cold_seed3@GR,GR,domain_Bow_at_Banff_lumped_era5,KGE,0.9509891779,949,2026-07-18T12:44:39Z,0.9.2,1cc4bf75b,2026-07-20T20:38:59Z
gr_cold_seed57@GR,GR,domain_Bow_at_Banff_lumped_era5,KGE,0.9483393272,973,2026-07-18T12:57:05Z,0.9.2,1cc4bf75b,2026-07-20T20:38:59Z
gr_cold_seed777@GR,GR,domain_Bow_at_Banff_lumped_era5,KGE,0.9462439551,682,2026-07-18T13:20:50Z,0.9.2,1cc4bf75b,2026-07-20T20:38:59Z
gr_cold_seed7@GR,GR,domain_Bow_at_Banff_lumped_era5,KGE,0.9486747601,829,2026-07-18T00:00:09Z,0.9.2,1cc4bf75b,2026-07-20T20:38:59Z
gr_cold_seed99@GR,GR,domain_Bow_at_Banff_lumped_era5,KGE,0.9401834385,961,2026-07-18T01:25:03Z,0.9.2,1cc4bf75b,2026-07-20T20:38:59Z
gr_cold_verify@GR,GR,domain_Bow_at_Banff_lumped_era5,KGE,0.9426037695,950,2026-07-17T22:56:18Z,0.9.2,1cc4bf75b,2026-07-20T20:38:59Z
gr_michel_seed1234@GR,GR,domain_Bow_at_Banff_lumped_era5,KGE,0.9455975527,984,2026-07-18T02:11:42Z,0.9.2,1cc4bf75b,2026-07-20T20:38:59Z
gr_michel_seed13@GR,GR,domain_Bow_at_Banff_lumped_era5,KGE,0.9439332688,667,2026-07-18T01:48:04Z,0.9.2,1cc4bf75b,2026-07-20T20:38:59Z
gr_michel_seed22@GR,GR,domain_Bow_at_Banff_lumped_era5,KGE,0.9453862258,957,2026-07-18T00:15:34Z,0.9.2,1cc4bf75b,2026-07-20T20:38:59Z
gr_michel_seed314@GR,GR,domain_Bow_at_Banff_lumped_era5,KGE,0.9440155779,684,2026-07-18T13:54:51Z,0.9.2,1cc4bf75b,2026-07-20T20:38:59Z
gr_michel_seed3@GR,GR,domain_Bow_at_Banff_lumped_era5,KGE,0.9452500855,965,2026-07-18T13:32:13Z,0.9.2,1cc4bf75b,2026-07-20T20:38:59Z
gr_michel_seed57@GR,GR,domain_Bow_at_Banff_lumped_era5,KGE,0.9426239432,608,2026-07-18T13:43:35Z,0.9.2,1cc4bf75b,2026-07-20T20:38:59Z
gr_michel_seed777@GR,GR,domain_Bow_at_Banff_lumped_era5,KGE,0.9450744234,989,2026-07-18T14:06:09Z,0.9.2,1cc4bf75b,2026-07-20T20:38:59Z
gr_michel_seed7@GR,GR,domain_Bow_at_Banff_lumped_era5,KGE,0.9447908684,984,2026-07-18T00:28:18Z,0.9.2,1cc4bf75b,2026-07-20T20:38:59Z
gr_michel_seed99@GR,GR,domain_Bow_at_Banff_lumped_era5,KGE,0.9449866401,961,2026-07-18T02:00:00Z,0.9.2,1cc4bf75b,2026-07-20T20:38:59Z
run_1@CRHM,CRHM,domain_Bow_at_Banff_lumped_era5,KGE,0.930445944,988,2026-07-13T01:37:46Z,0.9.2,1cc4bf75b,2026-07-20T20:38:59Z
run_1@FUSE,FUSE,domain_Bow_at_Banff_lumped_era5,KGE,0.939322412,5956,2026-07-13T08:15:48Z,0.9.2,1cc4bf75b,2026-07-20T20:38:59Z
run_1@GR,GR,domain_Bow_at_Banff_lumped_era5,KGE,0.9426037695,950,2026-07-13T08:27:01Z,0.9.2,1cc4bf75b,2026-07-20T20:38:59Z
run_1@GSFLOW,GSFLOW,domain_Bow_at_Banff_lumped_era5,KGE,0.863662452,942,2026-07-12T08:23:17Z,0.9.2,1cc4bf75b,2026-07-20T20:38:59Z
run_1@HBV,HBV,domain_Bow_at_Banff_lumped_era5,KGE,0.8915956844,970,2026-07-12T08:26:00Z,0.9.2,1cc4bf75b,2026-07-20T20:38:59Z
run_1@HECHMS,HECHMS,domain_Bow_at_Banff_lumped_era5,KGE,0.8544701898,920,2026-07-13T02:04:34Z,0.9.2,1cc4bf75b,2026-07-20T20:38:59Z
run_1@HYPE,HYPE,domain_Bow_at_Banff_lumped_era5,KGE,0.89995631,995,2026-07-12T08:45:51Z,0.9.2,1cc4bf75b,2026-07-20T20:38:59Z
run_1@MESH,MESH,domain_Bow_at_Banff_lumped_era5,KGE,0.5066069108,963,2026-07-13T16:26:21Z,0.9.2,1cc4bf75b,2026-07-20T20:38:59Z
run_1@MHM,MHM,domain_Bow_at_Banff_lumped_era5,KGE,0.9450139836,1459,2026-07-12T13:27:27Z,0.9.2,1cc4bf75b,2026-07-20T20:38:59Z
run_1@PRMS,PRMS,domain_Bow_at_Banff_lumped_era5,KGE,0.9246747371,950,2026-07-12T13:30:06Z,0.9.2,1cc4bf75b,2026-07-20T20:38:59Z
run_1@RHESSys,RHESSys,domain_Bow_at_Banff_lumped_era5,KGE,0.8363064552,839,2026-07-13T09:08:50Z,0.9.2,1cc4bf75b,2026-07-20T20:38:59Z
run_1@SACSMA,SACSMA,domain_Bow_at_Banff_lumped_era5,KGE,0.8869588628,1994,2026-07-13T08:33:43Z,0.9.2,1cc4bf75b,2026-07-20T20:38:59Z
run_1@SUMMA,SUMMA,domain_Bow_at_Banff_lumped_era5,KGE,0.8935973146,970,2026-07-12T21:00:12Z,0.9.2,1cc4bf75b,2026-07-20T20:38:59Z
run_1@SWAT,SWAT,domain_Bow_at_Banff_lumped_era5,KGE,0.7927896701,985,2026-07-12T21:05:29Z,0.9.2,1cc4bf75b,2026-07-20T20:38:59Z
run_1@TOPMODEL,TOPMODEL,domain_Bow_at_Banff_lumped_era5,KGE,0.9087491924,991,2026-07-12T21:07:37Z,0.9.2,1cc4bf75b,2026-07-20T20:38:59Z
run_1@XINANJIANG,XINANJIANG,domain_Bow_at_Banff_lumped_era5,KGE,0.9310940725,991,2026-07-12T21:11:28Z,0.9.2,1cc4bf75b,2026-07-20T20:38:59Z
sacsma_fix_verify@SACSMA,SACSMA,domain_Bow_at_Banff_lumped_era5,KGE,0.8615011215,199,2026-07-13T08:24:48Z,0.9.2,1cc4bf75b,2026-07-20T20:38:59Z
